tittle,text,domain,topic
Tung tin Mr Bean qua đời để phát tán virus độc hại," Hôm 19/7, nhiều độc giả cảnh báo nhau trên mạng về một loại virus máy tính phát tán qua tin giả ""Mr. Bean - Rowan Atkinson qua đời"" mạo danh Fox News.
 
 Thông tin lan truyền cách đây ít phút trên mạng xã hội. Theo trang SDE, các đối tượng phát tán những bài đăng giả trên mạng xã hội với hình thức như một đường link tin tức, tiêu đề là ""Tin nóng của Fox News: Mr Bean (Rowan Atkinson) vừa qua đời ở tuổi 62 sau một vụ đâm xe trong lúc đóng cảnh hành động mạo hiểm: Hôm nay, tháng 7/2017"".
",https://news.zing.vn,Giải trí
Nhân chứng kể lại phút đối mặt với tên cướp ngân hàng,"
 ""Lúc đó nhân viên nữ nên la hét, còn tôi và một số người khác khom người chạy vào góc gần đó để trốn"", vị khách giao dịch tại ngân hàng xảy ra vụ cướp tại Khánh Hoà kể.
 Lúc 15h30 ngày 5/9, các đơn vị nghiệp vụ Công an tỉnh Khánh Hòa vẫn đang phong tỏa, khám nghiệm hiện trường vụ cướp xảy ra tại Ngân hàng TMCP Ngoại thương Việt Nam, chi nhánh thị xã Ninh Hòa vào trưa cùng ngày.
 Công an thu thập dữ liệu điều tra vụ cướp ngân hàng Sau vụ cướp, Công an tỉnh Khánh Hòa phong tỏa hiện trường, thu thập vật chứng, điều tra vụ việc.
 ",news.zing.vn,Đời sống
"Hãng chuyển phát nhanh phá sản, khách từ Sài Gòn ra Hà Nội đòi tiền"," Nghe tin GNN Express tuyên bố phá sản, nhiều khách hàng đã tìm đến trụ sở của hãng để đòi lại tiền bị nợ. Trong số này nhiều người dùng dịch vụ của đơn vị này 3-4 năm.
 Sáng 5/9, hàng chục khách hàng đã kéo đến trụ sở Công ty giao hàng GNN Express tại phố Nguyễn Lương Bằng (Hà Nội) để đòi lại tiền sau khi doanh nghiệp này tuyên bố phá sản. Trong con phố nhỏ, trụ sở công ty không còn nhân viên hoạt động, kho hàng đã trống rỗng, nhiều trang thiết bị đã được đóng gói.",news.zing.vn,Kinh tế 
Go-Jek và Grab giành giật thị trường Indonesia ra sao?," Indonesia là chiến trường chính của hai startup tỷ USD của Đông Nam Á khi đây là thị trường duy nhất mà Grab chưa nắm trọn trong tay vì Go-Jek vẫn đang dẫn đầu.
 Nếu tại các thị trường khác, khách hàng từng hưởng lợi từ cuộc cạnh tranh giữa Uber và Grab thì tại Indonesia, diễn biến còn hấp dẫn hơn nhiều khi có tới 3 tay chơi và kẻ dẫn đầu lại là ứng dụng nội Go-Jek.",news.zing.vn,Kinh tế 
Không có chuyện thí điểm chữ viết 'Tiếq Việt' bậc đại học ở TP.HCM," Ông Phạm Ngọc Thanh, Phó giám đốc Sở GD&ĐT TP.HCM, khẳng định ông chưa từng đề nghị triển khai thí điểm chữ viết cải tiến của PGS.TS Bùi Hiền.
 Từ cải tiến chữ viết 'záo zụk' đến chuyện tiếp nhận ý tưởng mới Đề xuất cải tiến chữ viết của PGS Bùi Hiền khiến dư luận tranh cãi. Nhiều chuyên gia cho rằng cần đón nhận nghiêm túc các ý tưởng khoa học, dù chưa khả thi.",news.zing.vn,Giáo dục
Bộ Công Thương kết luận Con Cưng có sai sót nhưng không bán hàng giả,"Bộ Công Thương kết luận Con Cưng có sai sót nhưng không bán hàng giả
 Kết luận về vụ Con Cưng, Bộ Công Thương cho biết doanh nghiệp không nhập lậu hàng hóa, không bán hàng giả, nhưng có sai sót trong ghi nhãn hàng hóa với một số mặt hàng.
 Bộ Công Thương vừa kết luận kiểm tra về việc chấp hành pháp luật về thương mại, sản xuất, buôn bán hàng giả, hàng cấm, cạnh tranh và bảo vệ quyền lợi người tiêu dùng với Công ty cổ phần Con Cưng.
 Không nhập lậu hàng hóa",news.zing.vn,Kinh tế 
"600 vụ việc được công chứng, chứng thực từ văn phòng này"," 600 vụ việc được công chứng, chứng thực từ văn phòng này
 Sở Tư pháp TP.HCM ngày 27.9 vừa gửi công văn khẩn đến Bộ Tư pháp, UBND TP.HCM, Công an TP, TAND, UBND các quận/huyện, Văn phòng đăng ký đất đai, phòng tư pháp… tại TP.HCM báo động thông tin, ngăn chặn giấy tờ giả Cụ thể, nội dung công văn nêu: Qua kiểm tra, Sở Tư pháp phát hiện địa chỉ số 229 Man Thiện, P.Hiệp Phú, Q.9, TP.HCM có treo biển hiệu, quảng cáo nơi đây là trụ sở của Văn phòng công chứng (VPCC) Sao Bắc Đẩu và diễn ra hoạt động hành nghề công chứng.",thanhnien.vn,Pháp luật 
Cây thông chắn ngang đường. Ảnh: Duy Khôi.,"
 Cây thông chắn ngang đường. Ảnh: Duy Khôi.
 21h ngày 28/9, sau cơn mưa lớn, cây thông 20 năm tuổi trên đèo Prenn (Đà Lạt, Lâm Đồng), đoạn cách thác Datanla khoảng một km, bất ngờ bật gốc ngã ngang đường.
 Rất may lúc đó đường vắng nên không có ai bị thương. Tuy nhiên, cây thông dài hàng chục mét nằm chắn ngang đường khiến giao thông qua đây bị tắc nghẽn hàng cây số.
 Lực lượng CSGT Công an TP Đà Lạt đã chốt chặt khu vực đầu và dưới chân đèo để hướng dẫn các xe chạy theo hướng đường đèo Mimosa.",vnexpress.net,Đời sống 
Thanh Bùi ôm vợ khóc trên sân khấu,"Thanh Bùi ôm vợ khóc trên sân khấu
 ""Nếu như không có sự ủng hộ, niềm tin của những người bạn, đồng nghiệp, người hâm mộ và đặc biệt là của Vân, tôi sẽ không thể có được ngày hôm nay"", Thanh Bùi nói.
 Thanh Bùi và Trương Huệ Vân kết hôn năm 2013, có hai con trai sinh đôi năm 2016. Vợ và con Thanh Bùi hiếm khi xuất hiện tại các sự kiện âm nhạc của anh.",giaitri.vnexpress.net,Giải trí 
Mưa lớn do bão Usagi gây ngập úng 70 ha rau ở Lâm Đồng," Ngày 27/11, Ban Chỉ huy Phòng chống thiên tai tỉnh Lâm Đồng cho biết, bão Usagi gây mưa lớn trong ba ngày qua đã khiến hơn 70 ha rau của người dân huyện Đơn Dương bị ngập úng.
 Nhiều thửa rau ở huyện Đơn Dương, Lâm Đồng bị ngập úng do mưa lớn. Ảnh: Khánh Hương.",vnexpress.net,Thời sự 
"Sài Gòn mưa như trút nước, cây đổ đè người tử vong"," Áp thấp nhiệt đới sau bão Usagi khiến Nam Bộ mưa lớn
 Ngập Huỳnh Tấn Phát Biển nước trên đường Huỳnh Tấn Phát, quận 7. 
 Chiều 25/11, các quận trung tâm 1, 3, 4, 10 mưa mịt mù kèm giông lốc. Tuy nhiên, lượng mưa lớn hơn tập trung ở quận 2, 7, 9, huyện Nhà Bè...
 Mưa to kéo dài nhiều giờ khiến hàng loạt tuyến đường ngập sâu, có nơi ngập hơn 0,5 m khiến hàng trăm xe chết máy, phải dắt bì bõm",vnexpress.net,Thời sự 
Khách nam đánh nữ nhân viên ở sân bay Nội Bài," Khách nam đánh nữ nhân viên ở sân bay Nội Bài
 Ngày 24/11, trung tá Lê Như Anh, Trưởng Công an huyện Thọ Xuân (Thanh Hóa) cho biết, đơn vị đang thụ lý vụ việc nhóm thanh niên hành hung nhân viên sân bay, gây rối khiến Cảng hàng không Thọ Xuân náo loạn.",vnexpress.net,An ninh 
Nữ sinh lớp 5 trả lại iPhone X cùng tiền cho người đánh rơi," Sáng 27/11, em Nguyễn Hoàng Ngọc Trâm (lớp 5, trường Tiểu học Phước Tiến, TP Nha Trang, Khánh Hòa) đến lớp thì thấy túi xách da màu đen tại sân trường, cạnh bồn hoa.
 Nữ sinh nhờ cảnh sát tìm người đánh rơi tài sản để trả lại.",vnexpress.net,Đời sống 
Cô giáo ở Quảng Bình bắt trò tát bạn học 230 cái," Sáng 24/11, ông Phạm Minh Cảnh, Chủ tịch xã Duy Ninh (Quảng Ninh, Quảng Bình) cho hay, đã nhận được tường trình của giáo viên Nguyễn Thị Phương Thủy, trường THCS Duy Ninh, về việc phạt học trò 230 cái tát.",vnexpress.net,Giáo dục 
Hà Nội có thêm ba xe buýt mui trần 20 tỷ đồng," Buýt hai tầng ở Hà Nội trung bình có bảy khách mỗi lượt / Hành khách trải nghiệm tuyến buýt mui trần đầu tiên ở Hà Nội
 Xe buýt hai tầng thoáng nóc được sơn màu vàng, xanh. ",vnexpress.net,Đời sống 
"Hơn 55 tỷ đồng nâng cấp 8,5 km đại lộ Võ Văn Kiệt ở TP HCM"," Dự án sửa chữa, nâng cao độ mặt đường Võ Văn Kiệt (từ cầu Lò Gốm đến giao lộ Ký Con với chiều dài gần 8,5 km, đi qua các quận 1, 5 và 6) đang được Trung tâm Quản lý đường hầm sông Sài Gòn triển khai. Dự án có tổng mức đầu tư gần 56,5 tỷ đồng, với thời gian thi công là 240 ngày.
 Theo đại diện trung tâm, mục tiêu của dự án nhằm đảm bảo an toàn giao thông, giảm ngập, tăng mỹ quan đô thị trục đường Võ Văn Kiệt, đồng thời khắc phục hiện tượng xuống cấp mặt đường, tăng khả năng thông hành và tuổi thọ công trình.",vnexpress.net,Đời sống 
Nhiều máy bay không thể đáp xuống Tân Sơn Nhất," Sài Gòn mưa như trút nước, cây đổ đè người tử vong
 Chiều tối 25/11, hoàn lưu bão Usagi gây mưa lớn trên toàn địa bàn TP HCM và các tỉnh Nam Bộ, nhiều nơi trên 200 mm. Hàng loạt chuyến bay của hãng Vietnam Airlines, Vietjet Air, Jetstar Pacific khởi hành từ sân bay Tân Sơn Nhất thông báo trễ giờ vì thời tiết xấu.",vnexpress.net,Thời sự 
Đường Sài Gòn kẹt từ sáng đến trưa," Đường Quốc Lộ 13 (quận Bình Thạnh) hướng vào Bến xe miền Đông đến trưa nay nước vẫn còn ngập sâu, nhiều tuyến đường còn rối loạn.
 Sau bốn ngày hình thành trên Biển Đông, trưa 25/11, bão Usagi đổ bộ vào Vũng Tàu và các tỉnh lân cận, gây mưa rất to và nhiều sự cố. Riêng tại TP HCM, trận mưa ""khủng khiếp"" biến nhiều nơi thành biển nước, cây ngã đè một người chết.",vnexpress.net,Đời sống 
Nhiều máy bay không thể đáp xuống Tân Sơn Nhất," Các cổ động viên có mặt tại phố đi bộ Nguyễn Huệ từ khá sớm để theo dõi trận đấu giữa tuyển Philippines và Việt Nam
 Trận bán kết lượt đi hôm nay là nơi Philippines và Việt Nam thể hiện khả năng và tham vọng chinh phục AFF Cup 2018. Nhiều khán giả đã phải vượt quãng đường xa đến SVĐ Panaad (Philippines) để cổ vũ cho tuyển Việt Nam. Nhiều khán giả khác đã chọn phố đi bộ Nguyễn Huệ làm nơi để truyền lửa cho thầy trò HLV Park Hang Seo.",thethao.tuoitre.vn,Đời sống 
Đường chạy của người phụ nữ cụt chân," TTO - Năm 19 tuổi, Alma Faz trải qua phẫu thuật cắt bỏ chân phải vì bệnh ung thư. Lúc đó, chưa bao giờ cô dám nghĩ mình lại có thể chạy được nữa. Thế nhưng giờ đây cô đang tập luyện cho cuộc thi ba môn phối hợp: bơi - đạp xe - chạy.
 ",tuoitre.vn,Đời sống 
Máy bay Vietjet gặp sự cố ở Buôn Ma Thuột mới chỉ bay 8 chặng," TTO - Chuyến bay số hiệu VJ356 được Vietjet Air khai thác bằng máy bay VN-A653 của Airbus mới tiếp nhận 2 tuần trước và mới khai thác 8 chặng bay trong ngày 29-11 thì gặp sự cố ở Buôn Ma Thuột.
 ",tuoitre.vn,Đời sống 
Người đàn ông chết khô ở máy dập có thể do đột quỵ," TTO - Qua điều tra ban đầu, cơ quan chức năng cho biết người đàn ông được phát hiện chết khô tại máy dập kim loại ở quận Thủ Đức, TP.HCM bị nghiện rượu và nhiều khả năng tử vong bị đột quỵ.
 ",tuoitre.vn,Đời sống 
"Bị cảnh báo giả, khách trên máy bay TP.HCM đi Hà Nội hoảng sợ","
 TTO - Chuyến bay VJ198 của Hãng Vietjet Air tối 19-11 khiến hàng trăm hành khách đã hoảng hốt khi bay vòng hơn 30 phút và quay đầu hạ cánh khẩn cấp xuống sân bay Tân Sơn Nhất, trong khi lịch trình bay đến Hà Nội.
 ",tuoitre.vn,Đời sống 
An Giang cấm sử dụng âm thanh dụ chim yến trong đêm," Theo đó, các vùng không được phép xây dựng mới nhà nuôi chim yến gồm một số phường, xã thuộc TP.Châu Đốc, TP.Long Xuyên, TX.Tân Châu…",thanhnien.vn,Đời sống 
Băng trộm SH đâm chết các 'hiệp sĩ': Tấm lòng người cha hiệp sĩ,"Ông là Nguyễn Hiếu Hoàng, cha của “hiệp sĩ đường phố” Nguyễn Hoàng Nam - người đã hy sinh khi truy bắt nhóm trộm xe SH trên đường Cách Mạng Tháng 8 (TP.HCM) vào tháng 5.2018.
 Mới đây, ngày 29.11, TAND TP.HCM đưa vụ án ra xét xử sơ thẩm. HĐXX tuyên phạt bị cáo Nguyễn Tấn Tài (tức Tài “mụn”, ngụ Q.12, TP.HCM) mức án tử hình về tội “giết người”, “cướp tài sản” và “cố ý gây thương tích”; Nguyễn Hoàng Châu Phú (ngụ H.Hóc Môn, TP.HCM) mức án chung thân về cùng tội danh trên; bị cáo Ngô Văn Hùng (32 tuổi) 4 năm tù và Trịnh Thị Như (27 tuổi, cùng ngụ Q.Gò Vấp, TP.HCM) 1 năm tù nhưng cho hưởng án treo về cùng tội ""che giấu tội phạm"".",thanhnien.vn,Đời sống 
Chiếc lốp thứ hai của máy bay Vietjet được tìm thấy," Máy bay Vietjet Air gặp sự cố khi hạ cánh ở Buôn Ma Thuột
 Theo đại diện Cục Hàng không, sáng 2/12, bánh máy bay thứ hai bị văng ra sau sự cố hạ cánh của Vietjet đã được tìm thấy. Do khu vực gần sân bay cỏ mọc cao, công tác tìm kiếm bị kéo dài.
 ",vnexpress.net,Thời sự 
Sắp có tuyến buýt '5 sao' từ Tân Sơn Nhất đi Vũng Tàu," TP HCM muốn có tuyến buýt từ Tân Sơn Nhất đi các tỉnh
 UBND TP HCM vừa giao Sở Giao thông vận tải thành phố chịu trách nhiệm triển khai tuyến xe buýt không trợ giá từ sân bay Tân Sơn Nhất đi tỉnh Bà Rịa - Vũng Tàu và ngược lại.
 Tuyến dài 105 km, điểm đầu là sân bay, điểm cuối là bến xe Bà Rịa - Vũng Tàu. Thời gian hoạt động từ 0h đến 23h30 - phù hợp lịch bay tại Tân Sơn Nhất.",vnexpress.net,Giao thông 
Hành khách thoát khỏi chiếc máy bay bị rơi bánh như thế nào,"Cục Hàng không lập tổ điều tra máy bay Vietjet rơi bánh / Máy bay Vietjet Air gặp sự cố khi hạ cánh ở Buôn Ma Thuột
 Đến sáng 30/11, sau nhiều giờ ở sân bay Buôn Ma Thuột, vợ chồng bà Nga cùng nhiều hành khách khác trên máy bay VJ356 mới lấy được hành lý để về nhà. Chồng bà bị trầy xước ở tay, do ngã khi trượt từ cửa thoát hiểm xuống đường băng.",vnexpress.net,Thời sự 
Dòng người xếp hàng chờ lấy vé mua online trận Việt Nam," VFF đã bán hết vé trận Việt Nam - Philippines qua đường online
 Ngày 30/11, tại trụ sở Liên đoàn bóng đá Việt Nam (VFF) trên đường Lê Quang Đạo, Bắc Từ Liêm (Hà Nội), đơn vị này bắt đầu trả vé cho khách hàng đã đặt vé online trận bán kết lượt về Việt Nam-Philipines.",vnexpress.net,Thời sự 
Thu bằng lái 2 phi công VietJet sau sự cố máy bay văng bánh,"  Tổ bay gồm cơ trưởng người Philippines và cơ phó người Tây Ban Nha bị thu bằng lái sau khi để xảy ra sự cố máy bay văng bánh tại Buôn Ma Thuột.
 Sự cố nghiêm trọng của máy bay VietJet diễn ra thế nào? Máy bay mang số hiệu VJ356 của VietJet gặp sự cố lúc hạ cánh đêm 29/11 tại sân bay Buôn Ma Thuột khiến hàng trăm khách phải sơ tán bằng cửa thoát hiểm, phao trượt.",news.zing.vn,Giao thông 
Đeo nhẫn... lưng chừng tay," Kiểu đeo đeo nhẫn giữa ngón tay được nữ sinh đặc biệt yêu thích - Ảnh: Thanh Nam
 “Cách đeo nhẫn giữa ngón tay là mốt hiện nay, được cách tân mới lạ”, Ngọc Trâm, sinh viên Trường ĐH Kinh tế - Tài chính TP.HCM giơ ngón tay đeo nhẫn vui vẻ nói.",thanhnien.vn,Đời sống 
Sinh viên Sài Gòn ùn ùn đăng ký thi TOEIC từ rạng sáng," Trước thông báo về việc cập nhật cấu trúc bài thi TOEIC tại Việt Nam từ 15/2/2019, rất nhiều sinh viên ở Sài Gòn đã rủ nhau đăng ký thi chứng chỉ này. Cao điểm vào cuối tuần qua, hàng trăm người chen nhau xếp hàng trước chi nhánh của tổ chức giáo dục IIG Việt Nam tại quận 3 (TP HCM) từ 4h sáng để chờ đăng ký.",vnexpress.net,Giáo dục 
9X Việt được công ty đắt giá nhất thế giới mời thực tập," Phạm Gia Phong là cựu học sinh trường THPT chuyên Đại học Sư phạm Hà Nội. Năm 2016, em giành học bổng du học ngành Khoa học máy tính của Đại học Minnesota (University of Minnesota) tại Mỹ.
 Đầu tháng 11 vừa qua, em nhận tin vui khi ba công ty Google, Microsoft và Facebook thông báo vượt qua phỏng vấn và mời em vào vị trí thực tập viên kỹ sư phần mềm. ""Em đã rất vui, gọi điện báo tin ngay với gia đình và bạn bè. Đây là mục tiêu em đã đặt ra từ những ngày đầu đặt chân tới Mỹ"", Gia Phong nói.",vnexpress.net,Giáo dục
Nam sinh quay lén bạn nữ tắm ở Đà Nẵng bị đuổi học," Nam sinh đại học 'thú tội' quay lén video bạn nữ tắm
 Sáng 4/12, Trường Đại học Ngoại ngữ (Đại học Đà Nẵng) đã ký quyết định buộc thôi học nam sinh năm nhất vì hành vi quay lén nhiều nữ sinh đang tắm, trong kỳ học giáo dục quốc phòng.
 Ông Nguyễn Thái Trung - Trưởng Phòng công tác sinh viên, cho biết cơ quan công an đã mời nam sinh bị tố giác lên làm việc và người này khai nhận hành vi nhiều lần quay lén nữ sinh đang tắm.
 Hai nam sinh ""thú tội"" quay video bạn nữ tắm. Ảnh: Cắt từ clip.",vnexpress.net,Đời sống 
Nhân viên an ninh sân bay Thọ Xuân bị phạt vì 'phản ứng chậm'," Nhân viên an ninh hàng không Thọ Xuân bị xem xét trách nhiệm
 Chiều 4/12, Cảng vụ Hàng không miền Bắc đã ra quyết định xử phạt hành chính bốn nhân viên an ninh sân bay Thọ Xuân (tỉnh Thanh Hóa) do không làm đúng quy định tại sân bay.",vnexpress.net,An ninh 
"Nghi phạm bắn chết Phó chủ tịch HĐND phường trộm 2 khẩu súng, 16 viên đạn"," Phó chủ tịch HĐND phường bị bắn chết có thể do 'mâu thuẫn tình cảm' / Phó chủ tịch HĐND phường ở Gia Lai bị bắn chết tại trụ sở
 Ngày 4/12, Bộ chỉ huy quân sự tỉnh Gia Lai tiếp tục khám nghiệm trụ sở UBND phường Đoàn Kết (thị xã Ayun Pa) để điều tra vụ án Phó ban chỉ huy quân sự phường bắn chết chị Kpă H'Ven (31 tuổi, Phó chủ tịch HĐND phường).",vnexpress.net,An ninh 
Phó chủ tịch HĐND phường ở Gia Lai bị bắn chết tại trụ sở," Cảnh sát phong tỏa các tuyến đường xung quanh trụ sở UBND phường Đoàn Kết. Ảnh: Nhật Hạ.
 Theo thông tin ban đầu, sáng 3/12, lễ chào cờ đầu tuần của UBND phường Đoàn Kết (thị xã Ayun Pa, Gia Lai) diễn ra ở hội trường. Ông Bùi Hiếu - Phó ban chỉ huy quân sự phường Đoàn Kết - bất ngờ vác súng đến hô lớn, yêu cầu mọi người đứng yên rồi liên tục nổ súng chỉ thiên khiến mọi người bỏ chạy tán loạn.",vnexpress.net,Chính trị 
Bạo loạn khiến Paris thiệt hại ít nhất 3 triệu USD,"Khải Hoàn Môn tan hoang sau cuộc bạo loạn lớn nhất 5 thập kỷ ở Paris / Biểu tình lớn nhất thập kỷ ở Paris, hàng trăm người bị bắt
 Cảnh sát Pháp phun vòi rồng vào người biểu tình mặc áo vàng trước Khải Hoàn Môn. Ảnh: Stephane Mahe.",vnexpress.net,Đời sống 
Khải Hoàn Môn tan hoang sau cuộc bạo loạn lớn nhất 5 thập kỷ ở Paris," Bạo loạn bùng phát ở thủ đô Paris của Pháp hôm 1/12, khi hàng nghìn người biểu tình mặc áo khoác vàng đụng độ với cảnh sát chống bạo động. Đây là cuộc biểu tình lớn nhất 50 năm qua tại Paris, khi người dân Pháp phản đối chính sách tăng thuế xăng dầu của chính quyền Tổng thống Emmanuel Macron.",vnexpress.net,Đời sống 
"Hà Nội, Sài Gòn cờ rợp đường mừng chiến thắng của tuyển Việt Nam"," 23h00
 Khu trung tâm TP HCM giao thông hỗn loạn, người dân vẫn hô vang ""Việt Nam chiến thắng"", hò hét, phất cờ... Tại đường Trần Hưng Đạo, dòng người ở hai luồng giao thông chồm qua dải phân cách bắt tay nhau, cười tươi cùng chúc mừng chiến thắng của đội tuyển.",vnexpress.net,Đời sống 
Hai tài xế đánh nhau vì giành đường tại 'nút cổ chai' Hà Nội," Ôtô 'chôn chân' vì bị chặn đầu bởi trăm xe máy đi ngược chiều ở Sài Gòn
 Video ghi cảnh hai ôtô giành đường nhau trên phố Nguyễn Hữu Thọ (quận Hoàng Mai, Hà Nội) chiều 1/12. Ôtô Nissan vượt trái, đi sát chiếc Chevrolet. Hai tài xế ngồi trong xe, hạ kính cãi nhau. Khi chiếc Nissan vượt qua, người đàn ông lái chiếc Chevrolet chạy bộ đuổi theo để trách mắng. Tài xế Nissan sau đó xuống xe, cầm đèn pin đánh trả.
 ",vnexpress.net,An ninh 
Ôtô 'chôn chân' vì bị chặn đầu bởi trăm xe máy đi ngược chiều ở Sài Gòn," Tài xế ôtô bất lực vì bị chặn đầu bởi trăm xe máy đi ngược chiều
 Tài xế ôtô bất lực trước đám đông chạy xe máy ngược chiều trong giờ cao điểm. Họ ngang nhiên tràn sang làn đối diện, biến con đường thành một chiều rồi tất cả phải đứng chồn chân. Tài xế ôtô bị mắc kẹt tại đây hơn 30 phút. Vụ việc xảy ra 19h30 ngày 30/11 trên đường Ung Văn Khiêm, quận Bình Thạnh, TP HCM.",vnexpress.net,Giao thông 
"Phụ huynh tố cáo trường cho trẻ ăn rau thối, tôm ươn"," 7h50 ngày 3/12, chị Nguyễn Thị Nga đưa con 3 tuổi đến điểm trường Tiên Lý, trường Mầm non xã Đồn Xá (Bình Lục, Hà Nam). Đi ngang qua bếp của trường, thấy có mùi lạ, chị vào xem thì thấy hai chiếc bắp cải vừa sâu, vừa thối, rổ tôm đã ươn và chiếc chân giò lợn còn đầy lông, dính phân ở móng.",vnexpress.net,Giáo dục
Nhiều trường ở TP HCM thu sai quỹ hội phụ huynh," Chiều 31/10, sau buổi giám sát về các khoản đóng góp theo quy định và quỹ do Ban đại diện cha mẹ học sinh (thường được gọi là hội phụ huynh) tại trường THPT Nguyễn Hiền, bà Triệu Lệ Khánh (Phó chủ tịch Ủy ban Mặt trận Tổ quốc Việt Nam TP HCM) cho biết, qua khảo sát và làm việc với 8 trường, đoàn chưa phát hiện sai phạm nghiêm trọng trong thu chi, quản lý tài chính và quỹ hội phụ huynh.",vnexpress.net,Giáo dục
Chủ đầu tư nói gì về chuyện BOT An Sương - An Lạc 'thu phí quá hạn' ?," Vụ BOT An Sương - An Lạc “thu phí quá hạn”: Chủ đầu tư nói tài xế hiểu lầm! Ngày 4.12, ông Nguyễn Hồng Ninh, Giám đốc Công ty Cổ phần Đầu tư phát triển hạ tầng IDICO (IDICO, đơn vị chủ đầu tư), cho biết đã gởi văn bản báo cáo đến UBND TP.HCM về sự cố xảy ra tại Trạm thu phí BOT An Sương - An Lạc (QL 1, Q.Bình Tân, TP.HCM).",thanhnien.vn,Giao thông 
Cầu vượt biển dài nhất Việt Nam bị rải đinh dày đặc," Cầu vượt biển Hải Phòng bị rải đinh suốt 5 km
 Chưa đầy 20 m có đến gần 30 cây đinh dài 5-7 cm nằm trên mặt cầu. Ảnh: Giang Chinh",vnexpress.net,Giao thông 
Trung Quốc giảm nhập bưởi và sầu riêng Việt," Thương lái Trung Quốc ngưng mua, sầu riêng trái vụ miền Tây rớt giá / Bưởi da xanh giá rẻ chất đống bán vỉa hè Sài Gòn
 Theo Cục Chế biến và Phát triển thị trường Nông sản (Bộ Nông nghiệp và Phát triển Nông thôn), xuất khẩu rau quả năm 2018 vào thị trường Trung Quốc gặp nhiều khó khăn, ước đạt 2,41 tỷ USD. Mức này theo cơ quan quản lý chỉ tăng khoảng 11%, thấp hơn nhiều so với mức tăng trưởng 42,4% của năm 2017.",kinhdoanh.vnexpress.net,Kinh tế 
Ba du khách tử vong ở Đà Nẵng trúng chất độc ảnh hưởng tim mạch," Giám định thuốc diệt côn trùng tại khách sạn có ba người chết
 Ngày 4/12, ông Mai Xuân Ngọc - Giám đốc Trung tâm pháp y Đà Nẵng, cho biết đã nhận được các kết quả xét nghiệm liên quan đến ba người tử vong từ Viện pháp y Quốc gia.
 ""Hội đồng chuyên môn của Viện nghiêng về nhận định ban đầu là các nạn nhân trúng chất độc ảnh hưởng đến tế bào và hệ tim mạch, dẫn đến tình trạng suy hô hấp, truỵ tim mạch và tử vong"", ông Ngọc nói.",vnexpress.net,Y tế 
"Ôtô ở Sài Gòn cuốn hàng loạt người, xe máy vào gầm"," Hiện trường tai nạn. Ảnh: Quế Biên.
 Tối 5/12, nam tài xế lái ôtô 7 chỗ trên đường Phan Văn Hớn, hướng từ quận 12 đi huyện Hóc Môn, TP HCM. Đến gần chợ Bà Điểm (huyện Hóc Môn), ôtô tông người phụ nữ chạy xe máy phía trước khiến nạn nhân văng xuống đường.",vnexpress.net,Giao thông 
Xã hội đen' Hải Phòng xây hàng trăm nhà trái phép trên đất quốc phòng," Những ngôi nhà trái phép vẫn đang được xây dựng tại khu A mảnh đất 14,2 ha. Ảnh: Giang Chinh
 Ngày 17/10, thượng tướng Lê Chiêm, Thứ trưởng Quốc phòng ký biên bản bàn giao khu đất rộng 14,2 ha tại phường Thành Tô và Tràng Cát (quận Hải An) cho UBND TP Hải Phòng quản lý, sử dụng. Khu đất này trước đây do Tổng công ty 319 quản lý, nhưng nay không còn sử dụng vào mục đích quốc phòng.",vnexpress.net,An ninh 
Nữ tiếp viên gốc Hoa bị chụp trộm gây sốt mạng xã hội,"
 Ngày 13/10, một nam hành khách đến từ Hong Kong chia sẻ hình ảnh của nữ tiếp viên khiến anh ấn tượng trên một chuyến bay. Bài đăng thu hút tới gần 4.000 lượt chia sẻ, hơn 2.100 lượt thích và khoảng 600 bình luận.",dulich.vnexpress.net,Đời sống 
Xã hội đen Đài Loan mở tiệm mỳ miễn phí cho người nghèo,"
 Xã hội đen Italy dụ người nghèo hủy hoại chân tay để lấy tiền bảo hiểm / Không có tội phạm, cảnh sát Nhật điều tra cả vụ mất quần đùi
 Ông Yen và mẹ tại tiệm mỳ của gia đình. Ảnh: AFP
 Gia đình ông Yen sở hữu một tiệm mỳ tại khu chợ truyền thống nhộn nhịp ở Tân Đài Bắc mấy chục năm nay. Người đàn ông 40 tuổi và mẹ phục vụ những tô mỳ miễn phí cho các khách hàng không đủ tiền ăn.",vnexpress.net,Đời sống 
Khởi tố ông Nguyễn Hoài Nam - bí thư Quận ủy Quận 2," TTO - Sáng nay 8-12, Cơ quan cảnh sát điều tra Bộ Công an đã ra quyết định khởi tố ông Nguyễn Hoài Nam, bí thư Quận ủy Quận 2, TP.HCM, áp dụng lệnh cấm đi khỏi nơi cư trú.
 ",tuoitre.vn,An ninh 
vũ khí kết nối người trẻ của Tổng thống Indonesia," WEF ASEAN đón số lượng kỷ lục lãnh đạo quốc gia trong khu vực
 Tổng thống Indonesia ăn trưa với Quốc vương Arab Saudi Tổng thống Indonesia tiếp Quốc vương Arab Saudi tháng 3/2017. Video: Youtube.
 ""Tôi đang ăn trưa với Quốc vương Salman bin Abdulaziz Al-Saud"", Tổng thống Indonesia Joko Widodo mỉm cười khi nhìn vào chiếc camera cầm trên tay. Ông sau đó hướng camera về phía Quốc vương Arab Saudi.",vnexpress.net,Chính trị 
Ăn chênh 600 triệu đồng một suất mua nhà xã hội khu trung tâm," Nhà ở xã hội đắt ngang căn hộ thương mại
 Trên các trang rao vặt bất động sản, hàng loạt mẩu tin rao bán ""suất ngoại giao"" căn hộ tại dự án nhà ở xã hội 282 Nguyễn Huy Tưởng được đăng tải từ nhiều tháng nay. Trong đó, bên cạnh những căn thương mại chủ đầu tư được phép bán rộng rãi theo quy định, hàng trăm căn hộ nhà ở xã hội cũng được rao bởi các môi giới với mức giá chênh hơn nửa tỷ đồng",kinhdoanh.vnexpress.net,An ninh 
Thừa Thiên Huế cảnh báo mưa lũ qua mạng xã hội," Sĩ tử ở Huế bì bõm làm thủ tục dự thi THPT vì mưa lớn
",vnexpress.net,Thời sự 
Tại sao Apple chưa bao giờ quảng cáo trên mạng xã hội," Tài khoản chính thức của Apple có hơn 11 triệu người theo dõi còn trên Twitter là 2,26 triệu follower. Tuy nhiên, trước sự kiện ra mắt dòng iPhone 2018 ngày 13/9 vừa qua, trang mạng xã hội của thương hiệu này hoàn toàn trống trơn. Bài đăng duy nhất hiện nay trên Facebook của Apple là clip ngắn về ba mẫu iPhone mới ra mắt còn trên Twitter không có bất kỳ nội dung gì.
",sohoa.vnexpress.net,Kinh tế 
Lao động nước ngoài ở Việt Nam phải đóng bảo hiểm xã hội," Chính phủ vừa ban hành Nghị định quy định chi tiết Luật bảo hiểm xã hội và Luật an toàn, vệ sinh lao động về bảo hiểm xã hội bắt buộc đối với công dân nước ngoài làm việc tại Việt Nam.
 Công dân nước ngoài làm việc tại Việt Nam có giấy phép lao động hoặc chứng chỉ hành nghề do cơ quan có thẩm quyền của Việt Nam cấp và có hợp đồng lao động không xác định thời hạn hoặc xác định từ đủ một năm trở lên tại Việt Nam sẽ phải đóng bảo hiểm bắt buộc.
",vnexpress.net,Kinh tế 
Người Việt ở Paris: Cuộc sống vẫn diễn ra bình thường bất chấp bạo loạn," Cảnh sát Pháp đứng gác trước cổng Khải Hoàn Môn khi khu vực này được phong tỏa sau cuộc bạo loạn hôm 1/12. Ảnh: Al Jazeera
 20h tối 3/12, Lan Anh lái xe qua đại lộ Champs Elysees ngập tràn không khí mùa lễ hội cuối năm. Hàng cây hai bên đường được trang trí rực rỡ và các cửa hiệu hạng sang vẫn lấp lánh ánh đèn. Khung cảnh ở khu trung tâm nổi tiếng của Paris khiến khó ai nghĩ rằng nơi này vừa diễn ra một cuộc bạo loạn lớn nhất 5 thập kỷ.
",vnexpress.net,Đời sống 
Cuộc sống của những người Thủ Thiêm cố giữ đất," Chủ tịch UBND TP HCM xin lỗi người dân khu đô thị mới Thủ Thiêm
 Cuộc sống của những cư dân cuối cùng ở Thủ Thiêm
",vnexpress.net,Chính trị 
Cảnh đời người đàn ông Nhật sống mòn trên tiền thừa kế," Theo Chinapress, ông Maeda, 70 tuổi, ở Nhật gần đây tiết lộ đã sống cuộc đời đơn giản đến mức tẻ nhạt, bằng cách dùng tiền để lại của cha mẹ. Thực tế ông chỉ đi làm duy nhất một lần trong đời, trong khoảng 2 năm, rồi nghỉ ngay khi cha mẹ chết. Ông cũng chưa trải qua yêu đương lần nào.
",doisong.vnexpress.net,Đời sống 
Cuộc sống ở 'ốc đảo' biệt thự ngoại thành Hà Nội," Loanh quanh tập thể dục một mình mãi cũng chán, ông Trịnh Bá Bình (64 tuổi, đường Cây Xoài) sà vào ngay vọng gác nhỏ xíu của ông bảo vệ Ngô Thanh Hải (62 tuổi) đang ngồi nhâm nhi tách trà. Ở khu đô thị rộng 45ha này, ông Bình chẳng biết nói chuyện với ai ngoài những người bảo vệ, dù hiện tại nơi đây đã có khoảng hơn 250 nhân khẩu.
",doisong.vnexpress.net,Đời sống 
Vẻ xa xỉ của Song Hye Kyo khi đóng quý cô trâm anh thế phiệt," ""Encounter"" chiếu trên đài tvN từ 28/11, Hye Kyo vào vai con gái thị trưởng Seoul đồng thời quản lý một khách sạn lớn. Qua ba tập đã phát sóng, người đẹp sử dụng nhiều món đồ đắt tiền, trong đó có túi Hermès Kelly. Mỗi chiếc túi dòng Kelly có giá trên 10.000 USD (hơn 230 triệu đồng).",giaitri.vnexpress.net,Giải trí 
"Thương em bị mẹ vợ đoạ đày, anh trai gây án giết người","Thương em bị mẹ vợ đoạ đày, anh trai gây án giết người
 Vụ cháy bí ẩn thiêu chết cô gái trên giường / Đường dây đánh bạc trực tuyến hơn 60 tỷ USD mỗi tháng ở Trung Quốc
 Năm 2012, một cảnh kì lạ xảy ra trong trại tạm giam huyện Lục Lương, tỉnh Vân Nam, Trung Quốc. Vợ chồng người nhà nạn nhân quỳ xuống lạy một phạm nhân và người này cũng quỳ lạy lại. Hơn nữa, phạm nhân không ngừng an ủi, dặn dò hai vợ chồng phải cố gắng làm ăn, phải sống thật tốt, không được suy nghĩ nhiều. Nguyên nhân câu chuyện bắt đầu từ mùa hè một năm trước.
 Góa phụ có thai bị sát hại trong nhà con rể Người nhà nạn nhân và kẻ sát nhân gặp nhau trong tù.",vnexpress.net,Đời sống 
Đội cảnh sát có khả năng siêu nhớ mặt tại Anh," Năm 2009, một nghiên cứu do nhà tâm lý học Richard Russell thực hiện tại Đại học Harvard đặt ra giả thuyết rằng nếu tồn tại hội chứng mù mặt (tức những người gần như không có khả năng nhận diện khuôn mặt của người khác, thậm chí của bản thân) thì ắt hẳn sẽ có những người trái ngược hoàn toàn, tức là không bao giờ quên gương mặt của người mình từng gặp, dù chỉ nhìn qua một lần. Nhà nghiên cứu gọi những người này là ""người siêu nhận diện"".",vnexpress.net,An ninh 
Người Hà Nội chen chân chụp ảnh trong vườn cúc hoạ mi," 12h trưa ngày cuối tuần, nhiều người không ngại nắng để tạo dáng chụp hình với cúc hoạ mi.
 Ở các vườn hoa đều có nơi dành cho người dân thay đồ, nhưng do lượng người ra vào quá đông, nhóm phụ nữ này chọn cách dùng áo mưa che chắn để thay đồ ngay tại vườn.",vnexpress.net,Đời sống 
Người Việt đã vỡ mộng xe giá rẻ?," Toyota Hilux mới tăng giá 22 triệu tại Việt Nam / Fortuner mới tăng giá gần 50 triệu, thêm bản 2.8 tại Việt Nam / Xe về không đủ, Honda CR-V tăng giá 10 triệu đồng
",vnexpress.net,Kinh tế 
"Tài xế ép hàng loạt xe máy, ôtô nhập đúng làn ở Đà Nẵng"," Hai mẹ con suýt bỏ mạng khi đi xe máy sát ôtô tải
 Tối 3/6, trong giờ cao điểm, trên đường Đống Đa (quận Hải Châu, Đà Nẵng) dòng người đi xe máy nối đuôi nhau đi ngược nhiều. Nhiều ôtô cũng chạy lấn sang làn đối diện để vượt lên. Những người này đã bị tài xế ôtô gắn camera hành trình ép lùi và nhập vào đúng phần đường của mình.
",vnexpress.net,Giao thông 
"Bộ sưu tập xe trị giá 1,3 triệu USD của Neymar"," Chiếc Porsche Panamera màu vàng từng khiến Neymar gặp rắc rối cách đây vài năm. Năm 2011, mẫu xe thể thao là món quà mà cầu thủ này được bố tặng khi ông thua cược với con trai về việc anh sẽ giành chiến thắng ở một giải trẻ tại châu lục. Panamera được một bên thứ ba nhập khẩu và bán cho Neymar và đến năm 2014, xe bị tịch thu do vi phạm luật nhập khẩu. Cầu thủ này được cho chỉ là nạn nhân của vụ việc. Ảnh từ video.",vnexpress.net,Giải trí 
Vì sao Toyota Vios tăng giá trong khi xe hãng khác giảm?," Toyota Vios mới lắp 7 túi khí, giá cao nhất 606 triệu tại Việt Nam
 Hôm qua Vios ra mắt, đúng như đồn đoán giá xe tăng 40 triệu. Đọc trên báo chí, tôi thấy lý do đưa ra cho việc tăng giá khá quen thuộc, gần như hãng nào cũng dùng khi nói về vấn đề này. Đó là ""giá xe ảnh hưởng bởi nhiều yếu tố, trong đó thuế phí chỉ là một yếu tố"", đồng thời xe thêm trang bị nên phải tăng giá. Trong khi đó, Vios sản xuất nhiều nên sẽ được hưởng thuế linh kiện 0%.
",vnexpress.net,Kinh tế 
Thói quen lái xe giúp tiết kiệm 25% nhiên liệu," Phần lớn người sử dụng cho rằng một chiếc xe có tiết kiệm hay không đều phụ thuộc vào nhà sản xuất. Công nghệ từ hãng là yếu tố then chốt, nhưng việc vận hành đúng cách hay không lại là chuyện khác. Nghiên cứu của Ford chỉ ra trong một tài liệu tại triển lãm ôtô Việt Nam Motorshow 2017 rằng, khi áp dụng các kỹ năng lái xe thân thiện với môi trường, người lái có thể giảm mức tiêu hao nhiên liệu nhiều hơn tưởng tượng.
",vnexpress.net,Giao thông 
"Cụ bà Nhật ăn cắp vặt để vào tù, trốn tránh cô đơn"," Nhà tù chật ních tù nhân 80, 90 tuổi ở Nhật / Không có tội phạm, cảnh sát Nhật điều tra cả vụ mất quần đùi
 ""Cuộc sống trong tù dễ dàng hơn nhiều. Dù chỉ là tạm thời nhưng ở đây tôi có thể là chính tôi, tôi có thể thở"", nữ phạm nhân 80 tuổi nói. Ảnh: Bloomberg.
 Cụ bà 80 tuổi, đang thụ án tù hai năm rưỡi vì trộm một hộp trứng cá, một túi hạt giống và một chiếc chảo rán, cho biết cả đời cụ không nghĩ có ngày sẽ đi ăn trộm. ""Hồi trẻ, tôi luôn tâm niệm phải làm việc chăm chỉ"", cụ bà, từng làm công nhân trong nhà máy cao su và nhân viên bệnh viện suốt 20 năm, tâm sự.
",vnexpress.net,Đời sống
Nam cảnh sát Mỹ truy đuổi nữ sinh viên để sàm sỡ," Thói quen lạ của chú chó tố cáo ông chủ vứt xác bốn cô gái bán dâm / Thi thể thai phụ giấu trong thùng hoá chất suốt 34 năm
 Trong kỳ nghỉ lễ Giáng Sinh của năm 20 tuổi, bạn trai bị ốm nên Cara Knott (nữ sinh viên 20 tuổi, Đại học bang San Diego, Mỹ) lái xe đến Escondido (bang California) để thăm. Khoảng 20h cùng ngày, Cara báo cho bố rằng đang trên đường trở về. Gia đình từ đó mất liên lạc với Cara.
",vnexpress.net,An ninh 
Tài xế xe sang che biển số để lùi trên cao tốc," Tài xế xe sang xuống che biển số để lùi trên cao tốc
 Sau khi điều khiển mẫu xe sang chạy lùi một đoạn ở tốc độ cao, tài xế phát hiện có camera ghi hình trên đường cao tốc ở thành phố Lạc Dương (tỉnh Hà Nam) vào ngày 7/7. Người đàn ông này dừng ôtô ngay cạnh lối ra và cùng một người khác xuống xe.
",vnexpress.net,Giao thông 
Máy bay quay đầu để cấp cứu sản phụ người nước ngoài," Ca sinh nở độc nhất vô nhị trên không trung
 Khoảng 7h55 sáng 16/5, máy bay BL581 của hãng hàng không Jetstar Pacific chở gần 150 khách từ Đà Nẵng đi TP HCM lăn bánh chuẩn bị cất cánh. Đúng lúc này, một nữ hành khách quốc tịch Czech đứng dậy khỏi ghế, ra hiệu muốn đi vệ sinh.
",vnexpress.net,Đời sống 
Cô gái 17 tuổi được NASA đào tạo để đặt chân lên Sao Hỏa," Alyssa Carson (17 tuổi) đến từ bang Louisiana, Mỹ là phi hành gia tập sự của Cơ quan Hàng không và Vũ trụ Mỹ (NASA). Khác với hầu hết bạn bè đồng trang lứa, em muốn trở thành người đầu tiên đặt chân lên Sao Hỏa và không ngừng nỗ lực để đạt được mục tiêu.
",vnexpress.net,Đời sống 
"Alyssa Carson (17 tuổi) đến từ bang Louisiana, Mỹ là phi hành gia tập sự của Cơ quan Hàng không và Vũ trụ Mỹ (NASA). Khác với hầu hết bạn bè đồng trang lứa, em muốn trở thành người đầu tiên đặt chân lên Sao Hỏa và không ngừng nỗ lực để đạt được mục tiêu."," Bill Gates: Bitcoin có thể là công cụ giết người / Tỷ phú Bill Gates thua đậm khi chơi 'hãy chọn giá đúng'
 Trong một sự kiện năm 2005 với tỷ phú Warren Buffett, Gates đã nói với sinh viên Trường Kinh doanh thuộc Đại học Nebraska-Lincoln rằng ông từng là người rất hay trì hoãn. Ông kể rằng mình có “thói quen rất xấu này” từ khi còn học ở Harvard. “Tôi thích cho mọi người thấy là tôi chẳng làm gì cả, tôi không đến lớp và cũng chẳng quan tâm”, ông nói.",kinhdoanh.vnexpress.net,Đời sống 
Giáo viên đề nghị bỏ thi trắc nghiệm môn Lịch sử," Sáng 29/7, Hội Khoa học Lịch sử Việt Nam, Hội Giáo dục lịch sử tổ chức tọa đàm khoa học Chất lượng môn Lịch sử từ kỳ thi THPT quốc gia năm 2018. Buổi tọa đàm diễn ra sôi nổi, kéo dài qua bữa trưa sang đầu giờ chiều.
",vnexpress.net,Giáo dục
Sẽ bỏ quản lý dân cư bằng hộ khẩu," Chính phủ vừa ra Nghị quyết 112 về việc đơn giản hóa thủ tục hành chính, giấy tờ công dân liên quan quản lý dân cư thuộc phạm vi chức năng quản lý nhà nước của Bộ Công an. Trong đó có nêu phương án đơn giản bãi bỏ một số thủ tục liên quan đăng ký thường trú.",vnexpress.net,An ninh 
Bé gái bị cha cứa cổ khi muốn đi tập văn nghệ đêm trung thu," Bé gái 10 tuổi chạy ra đường kêu cứu với vết thương ở cổ
 Video bố giết con ở Phú Thọ",vnexpress.net,Đời sống 
Người đi xe đạp điện chém chết tài xế ôtô ở Trung Quốc thoát tội," Người đi xe đạp giết chết tài xế ôtô để tự vệ ở Trung Quốc Diễn biến vụ va chạm hôm 27/8 do camera giám sát ghi lại. Video: Fenghuang.
 Cảnh sát thành phố Côn Sơn, tỉnh Giang Tô, hôm 1/9 tuyên bố ông Dư, 41 tuổi, không phải chịu bất cứ trách nhiệm hình sự nào về cái chết của tài xế Lưu, 36 tuổi, và vụ án sẽ được khép lại, SCMP đưa tin.
 Trước đó, vào đêm 27/8, hai người đàn ông xảy ra ẩu đả sau khi Lưu điều khiển ôtô đi vào làn đường xe đạp và suýt tông trúng ông Dư đang đi xe đạp điện ở phía trước.
",vnexpress.net,An ninh 
Đường đi bộ lát gỗ lim ven sông Hương sắp hoàn thành," Nhiều chuyên gia ở Huế lo ngại việc lát gỗ lim cho đường đi bộ sông Hương
 Những ngày này, người dân thành phố Huế đi qua cầu Phú Xuân, Trường Tiền sẽ nhìn thấy đường đi bộ lát gỗ lim ở ven bờ nam sông Hương dần hình thành.
 Theo kế hoạch, công trình xong vào tháng 11/2018, song lo ngại mưa lũ ảnh hưởng đến tiến độ nên chủ đầu tư đã yêu cầu đơn vị thi công hoàn thành sớm trong tháng 9.
",vnexpress.net,Đời sống 
Cựu nữ chủ tịch xã 45 tuổi đi thi THPT quốc gia," Cựu nữ chủ tịch xã đi thi THPT quốc gia Chị Minh tâm sự về lý do dang dở việc học.
 Chiều 24/6, như bao thí sinh khác, chị Nguyễn Thị Minh (45 tuổi, trú xã Đức Dũng, Đức Thọ, Hà Tĩnh) tới điểm thi trường THPT Hồng Lĩnh để làm thủ tục thi THPT quốc gia.
 Gây ấn tượng với người đối diện bởi khuôn mặt xinh xắn trẻ trung, nụ cười luôn thường trực, chị Minh kể những năm 1990 nhà có tới 6 người con, gia cảnh khó khăn nên đang học lớp 11 trường THPT Trần Phú chị phải nghỉ học.
",vnexpress.net,Giáo dục
Luật cho phép xe cứu hỏa được đi ngược chiều khi làm nhiệm vụ," Xe khách đâm xe cứu hỏa (Video quay lại màn hình. Nguồn: Dinh Xuan Hiep)
 Vụ tai nạn trên cao tốc Pháp Vân - Cầu Giẽ giữa xe cứu hỏa và xe khách gây nhiều ý kiến trái chiều. Theo lãnh đạo phòng Cảnh sát Phòng cháy Chữa cháy số 12, thời điểm xảy ra tai nạn, xe chữa cháy đang di chuyển ngược chiều để cấp cứu nạn nhân vụ tai nạn trước đó. Nhiều người cho rằng xe ưu tiên được quyền đi vào làn ngược chiều, trong khi số khác cho rằng không được phép.
",vnexpress.net,Giao thông 
Nguyễn Khắc Thủy tự nguyện đi thi hành án 3 năm tù," Án treo bị huỷ, Nguyễn Khắc Thủy lĩnh 3 năm tù
 Ông Nguyễn Thanh Sơn, Chánh án TAND TP Vũng Tàu (Bà Rịa - Vũng Tàu) cho biết, sáng 18/6, Nguyễn Khắc Thủy (78 tuổi) đã tự nguyện đến trại tạm giam Công an TP Vũng Tàu để thi hành bản án 3 năm tù về tội Dâm ô đối với trẻ em.
",vnexpress.net,An ninh 
TP HCM muốn có tuyến buýt từ Tân Sơn Nhất đi các tỉnh," Sở Giao thông Vận tải TP HCM vừa kiến nghị Bộ Giao thông Vận tải (GTVT) chấp thuận việc tổ chức các tuyến buýt không trợ giá, lộ trình từ Tân Sơn Nhất đến Đồng Nai, Bình Dương, Bà Rịa - Vũng Tàu và ngược lại.
",vnexpress.net,Giao thông 
Thanh Hoá chi gần 700 triệu cho ba cán bộ đi Mỹ xúc tiến đầu tư," Ngày 6/9, Chủ tịch UBND tỉnh Thanh Hóa Nguyễn Đình Xứng phê duyệt kinh phí cho đoàn công tác của tỉnh, tham gia hoạt động quảng bá địa phương tại Hoa Kỳ với tổng kinh phí gần 690 triệu đồng. Số tiền này giảm hơn một tỷ đồng so với dự chi ban đầu.
",vnexpress.net,Chính trị 
Đại ca giang hồ bị bắn chết khi đi dằn mặt," Bắn chết chủ nợ sau hồi cãi vã
 Đại ca giang hồ thất thủ khi kéo quân đi thị uy đồng nghiệp Video: Cảnh sát tìm vật chứng tại hiện trường vào sáng nay.
 Chiều 21/9, Phòng cảnh sát Hình sự (Công an Hà Tĩnh) cho biết vụ nổ súng ở xã Đức Lạc (huyện Đức Thọ, Hà Tĩnh) khiến anh Trần Cao Nguyên (34 tuổi) tử vong bắt nguồn từ ân oán giữa hai nhóm cho vay nặng lãi.",vnexpress.net,Đời sống 
"Con không chịu đi học, mẹ Thái Lan bắt nhặt rác cả ngày"," Asia One ngày 22/1 đưa tin, bà mẹ Thái Lan Nuttanitcha Chotsirimeteekul và chồng quyết định nghỉ làm một ngày để dạy cho con trai 5 tuổi một bài học cuộc sống khi cậu bé nhất quyết không đi học.
 Đôi vợ chồng yêu cầu con nhặt chai nhựa và thủy tinh dọc đường, tìm trong thùng rác rồi mang đi bán.",vnexpress.net,Đời sống 
Ôtô đi ngược chiều bị phạt 800.000 đồng," Theo khoản 1 Điều 9 Luật Giao thông đường bộ năm 2008, người tham gia giao thông phải đi bên phải theo chiều đi của mình, đi đúng làn đường, phần đường quy định và phải chấp hành hệ thống báo hiệu đường bộ.",vnexpress.net,Giao thông 
Cha đẻ robot Sophia: Người máy sẽ có quyền kết hôn với con người," Nữ robot từ chối hôn nam diễn viên trong lần đầu hẹn hò
 Tiến sĩ David Hanson, cha đẻ của nữ robot được cho là giống người nhất thế giới Sophia, tin rằng vào năm 2029, người máy trang bị trí tuệ nhân tạo (AI) sẽ sở hữu trí thông minh tương ứng với đứa trẻ một tuổi, theo Long Room. Điều này sẽ mở ra cánh cửa để người máy đảm nhiệm những vị trí cấp thấp trong quân đội và dịch vụ cấp cứu chỉ hai năm sau, tức năm 2031 và có quyền lợi đầy đủ như con người sau một thập kỷ.",vnexpress.net,Công nghệ 
Nghi phạm sát hại 3 người trong gia đình ở Tiền Giang bị bắt," 3 người trong gia đình ở Tiền Giang bị sát hại
 Trưa 14/8, Thượng tá Trương Văn Sáu, Trưởng phòng Cảnh sát Hình sự Công an Tiền Giang cho biết, Nguyễn Đăng Khoa (31 tuổi, quê Đồng Tháp) - nghi phạm sát hại ba người trong gia đình vợ - bị bắt giữ ở tiệm sửa xe máy tại xã Thạnh Lộc (Cai Lậy, Tiền Giang).",vnexpress.net,An ninh 
Tài xế taxi tông người trông xe tử vong vì bị nhắc nhở," Ngày 30/8, Công an huyện Sóc Sơn (Hà Nội) đã tạm giữ Lê Tuấn Anh (33 tuổi, quận Hoàng Mai) vì hành vi tông chết anh Hoàng Văn Tám (47 tuổi, ở huyện Sóc Sơn), nhân viên bãi trông giữ xe Hợp tác xã dịch vụ môi trường Nội Bài.
 Theo nhà chức trách, sáng 28/8, trong ca làm việc, thấy chiếc taxi do Tuấn Anh điều khiển đỗ vướng đường đi lại, anh Tám tới nhắc nhở. Đánh xe đi một đoạn, Tuấn Anh tiếp tục dừng ở khu vực đường đi chung, nơi có các hàng quán trong khu vực bãi trông xe.",vnexpress.net,Giao thông 
Số người chết sau thảm họa ở Indonesia tăng lên 1.347," ""Số người thiệt mạng hiện nay là 1.374 "", Willem Rampangilei, người đứng đầu Cơ quan Giảm nhẹ Thiên tai Quốc gia Indonesia hôm nay nói với AFP về thương vong trong thảm họa động đất, sóng thần ở Indonesia. Con số được cơ quan này đưa ra trước đó là 1.234 người chết.",vnexpress.net,Đời sống 
Ôtô Mercedes lật nhiều vòng trên đường Sài Gòn,"Rạng sáng 26/9, anh Châu (30 tuổi) lái ôtô Mercedes trên đường Điện Biên Phủ, hướng về cầu Sài Gòn. Đến đoạn thuộc phường 17, quận Bình Thạnh, xe bất ngờ tông dải phân cách rồi lật nhiều vòng. Tài xế Châu bò ra ngoài, rời khỏi hiện trường.",vnexpress.net,Giao thông 
Nhiều tụ điểm thác loạn ở TP HCM bị xem xét điều tra," Phó Chủ tịch UBND TP HCM Nguyễn Thị Thu vừa đề nghị ngành công an phối hợp VKS xem xét khởi tố hình sự các tụ điểm ăn chơi thác loạn đang nổi lên trong thời gian qua.  Động thái này được lãnh đạo thành phố đưa ra sau khi hàng loạt nhà hàng, quán karaoke, quán ăn... ở trung tâm Sài Gòn được phát hiện có biểu hiện biến tướng, hoạt động khiêu dâm, kích dục.",vnexpress.net,An ninh 
"Trung Quốc hủy nhiều chuyến bay tới Thường Châu, CĐV Việt lo lắng"," Sân Thường Châu phủ trắng tuyết trước trận chung kết của U23 Việt Nam / CĐV U23 Việt Nam đối mặt 'phe vé' ở sân vận động Trung Quốc
  ""Sau khi ngồi chờ ở sân bay Nam Ninh 7 tiếng hôm qua, vợ chồng tôi được lên máy bay ăn uống, sau đó lại nhận được thông báo hủy chuyến. Tôi được sắp xếp nghỉ lại ở khách sạn gần sân bay và đổi vé sang ngày 26/1"", anh Phó Mạnh Tuấn, một cựu du học sinh Việt Nam ở Trung Quốc chia sẻ với VnExpress",vnexpress.net,Giao thông 
TP HCM sẽ có thêm nhiều phố đi bộ," TP HCM muốn nâng cấp phố đi bộ Nguyễn Huệ
 Trong văn bản vừa gửi UBND TP HCM đề xuất Kiến trúc cảnh quan các trục đường Lê Lợi, Nguyễn Huệ và khu trung tâm, Sở Quy hoạch - Kiến trúc cho biết, khu lõi trung tâm thương mại tài chính (phân khu 1 - đồ án 930 ha) sẽ được bố trí thành khu vực thương mại sầm uất, dành nhiều không gian cho người đi bộ. Động thái này thực hiện theo định hướng quy hoạch đã được duyệt",vnexpress.net,Đời sống 
Nhiều người mẩn ngứa sau khi tắm biển ở Đà Nẵng," Gần 10 ngày nay, nhiều người dân và du khách phản ánh bị ngứa khắp người khi tắm tại các bãi biển Phạm Văn Đồng, Mỹ Khê, T20 (quận Sơn Trà và Ngũ Hành Sơn, TP Đà Nẵng).",vnexpress.net,Đời sống 
"Xả súng tại nhà thờ Mỹ, ít nhất 26 người thiệt mạng"," Đại diện bang Texas Henry Cuellar đã xác nhận con số thương vong tại nhà thờ Baptist Đệ nhất ở Sutherland Springs, nơi xảy ra vụ xả súng, là 26 người. Trong số những người thiệt mạng có cả trẻ em và một phụ nữ mang thai, theo New York Times.",vnexpress.net,An ninh 
HLV Eriksson dự đoán tuyển VN sẽ đá bại Malaysia,"Theo trang web chính thức của Liên đoàn Bóng đá ASEAN (aseanfootball.org), nhà cầm quân đội tuyển Philippines cho rằng Việt Nam là đội tuyển ấn tượng nhất với ông trong năm nay và rất nhiều khả năng họ vượt qua Malaysia trong hai trận chung kết lượt đi và lượt về để lên ngôi vô địch AFF Suzuki Cup 2018.",thethao.tuoitre.vn,Thể thao 
Xuân Trường háo hức thi đấu trước 80.000 khán giả Malaysia,"Sau 10 năm kể từ chức vô địch AFF Cup 2018, đội tuyển VN mới giành quyền vào chung kết AFF Cup 2018. Điều đó khiến thầy trò HLV Park Hang Seo và người hâm mộ VN không khỏi hạnh phúc.",thethao.tuoitre.vn,Thể thao 
"Mua vé trận chung kết: chen lấn, giẫm đạp, hỗn loạn, ngất xỉu","Hàng chục ngàn CĐV Malaysia đã xếp hàng tại sân vận động Bukit Jalil để chờ đợi đến lượt mua vé. Ước tính có 40.000 vé được bán trực tiếp tại sân vận động, số còn lại được bán online và đã hết. SVĐ Bukit Jalil có sức chứa hơn 80.000 chỗ ngồi.",thethao.tuoitre.vn,Thể thao 
Ông Lê Hoài Anh tiếp tục giữ chức tổng thư ký VFF khóa 8,"  Đại hội VFF khóa 8 kết thúc lúc 23h ngày 8-12 và trở thành đại hội được tiến hành dài nhất lịch sử bóng đá VN, liên tục 13 tiếng đồng hồ. Vì khâu bầu các chức danh chủ chốt như: chủ tịch, phó chủ tịch, ban chấp hành diễn ra quá lâu, nhất là công đoạn kiểm phiếu khiến đại hội bị kéo dài thêm 6 tiếng so với kế hoạch.",thethao.tuoitre.vn,Thể thao 
"Đánh bại Djokovic, Zverev lần đầu vô địch Giải quần vợt ATP Finals"," Ở giải năm nay, Alexander Zverev và Novak Djokovic nằm cùng bảng với nhau và tay vợt số 1 thế giới đã từng thắng dễ Zverev 2-0 (6-4, 6-1) ở lượt đấu thứ 2 để sớm đoạt vé vào bán kết.",thethao.tuoitre.vn,Thể thao 
Hoa hậu quần vợt' Bouchard trổ tài đá bóng," Kể từ khi Sharapova và Ana Ivanovic nghỉ thi đấu thì Eugenie Bouchard trở thành tay vợt nữ xinh đẹp nhất làng quần vợt thế giới.
 Trong hai năm qua, tay vợt 24 tuổi này bị chấn thương liên tục nên cô rất ít thi đấu và rơi xuống hạng 88 trên bảng xếp hạng mới nhất của WTA. Nhưng dù rất ít thi đấu, Bouchard vẫn được biết đến với danh hiệu ""Hoa hậu quần vợt"".",thethao.tuoitre.vn,Thể thao 
“Quần vợt VN coi chừng lạc đường như Thái Lan”," Danai Udomchoke giữ cương vị HLV dẫn dắt đội Thái Lan thi đấu ở Giải quần vợt trẻ quốc tế U-18 ITF Junior Circuit - Cúp Hưng Thịnh 2015 tại CLB quần vợt Phú Thọ (TP.HCM). Tại Roland Garros cũng như Wimbledon 2015, Udomchoke được mời làm bình luận viên xuyên suốt giải đấu.",thethao.tuoitre.vn,Thể thao 
Federer đụng Djokovic ở bán kết Giải quần vợt Paris Masters,"Trận này, Nishikori đã thi đấu rất nỗ lực nhưng vẫn không thể tạo nên bất ngờ trước Federer - tay vợt có phong độ ổn định và đang tìm danh hiệu thứ 100 trong sự nghiệp.",thethao.tuoitre.vn,Thể thao 
Nadal gặp Tsitsipas ở chung kết Giải quần vợt Barcelona mở rộng,"Trận này, Nadal nhập cuộc không tốt khi để mất break ngay ở bàn đầu tiên, tạo cơ hội cho Goffin vươn lên dẫn 2-0. Tuy nhiên, với bản lĩnh của tay vợt từng 10 lần lên ngôi vô địch ở giải đấu này, Nadal đã rút ngắn khoảng cách, rồi quân bình tỉ số 2-2 ở bàn thứ 4 khi bẻ được giao bóng của Goffin.",thethao.tuoitre.vn,Thể thao 
"Khởi tố cặp “nữ quái” chuyên cung cấp ma túy, thuốc lắc"," Theo tài liệu cơ quan điều tra, vào khoảng 18h15 ngày 3/12, tại đường Hà Tông Chính thuộc phường Nguyễn Du, Công an TP Hà Tĩnh tuần tra, phát hiện đối tượng nữ có biểu hiện nghi vấn. Ngay lập tức, các trinh sát đã tiến hành kiểm tra túi xách của đối tượng, phát hiện bọc giấy có 1 túi nilon đựng 5 viên nén hình tròn màu xanh chất MDMA (thuốc lắc) có khối lượng 1,7934g.",dantri.com.vn,An ninh 
Dùng dao đâm chết người vì xích mích lúc đổ xăng," Ngày 9/12, tin từ Công an huyện Bố Trạch (Quảng Bình) cho biết vẫn đang tiếp tục điều tra, làm rõ vụ án mạng khiến một người tử vong vừa xảy ra tại địa bàn.
 Sự việc nói trên xảy ra vào khoảng 9h30 ngày 8/12, tại cây xăng dầu thị trấn Hoàn Lão, huyện Bố Trạch. Thời điểm này, ông Hoàng Dũng Sỹ (SN 1959, trú huyện Bố Trạch) đến đổ xăng thì xe máy bị đổ và vấp phải xe máy của anh Nguyễn Đức Th. (SN 1987, trú thị trấn Hoàn Lão) làm cả 2 xe bị đổ xuống đất.",dantri.com.vn,An ninh 
"Quên khóa ô tô, nữ tài xế bị ""khoắng"" sạch tài sản","Ngày 9/12, Công an TP Đà Lạt (Lâm Đồng) cho biết, đang tạm giữ hình sự và tiếp tục củng cố hồ sơ để xử lý vụ “Trộm cắp tài sản – Tàng trữ trái phép chất ma túy” đối với Hoàng Hồ Dũng (39 tuổi) và Trần Ngọc Hiển (31 tuổi, cùng ngụ tại phường 6, TP Đà Lạt).",dantri.com.vn,An ninh 
"Lừa bán bé gái 14 tuổi, bắt luôn người giải cứu để đòi tiền chuộc"," Ngày 9/12, thông tin từ Phòng Cảnh sát Hình sự Công an tỉnh Nghệ An cho biết, đơn vị vừa khởi tố vụ án, khởi tố bị can, tạm giam 4 tháng đối với Lang Thị Liên (SN 1984, trú xã Mậu Đức, Con Cuông, Nghệ An) về tội “Mua bán trẻ em”.",dantri.com.vn,An ninh 
"Đòi nợ 60 triệu không được, ép nạn nhân viết giấy vay... 400 triệu"," Cơ quan Cảnh sát điều tra Công an TP Vĩnh Yên (Vĩnh Phúc) vừa cho biết, đơn vị này đã ra Quyết định khởi tố vụ án, khởi tố bị can đối với 4 đối tượng, gồm: Phùng Duy Tài (26 tuổi) và Đỗ Minh Hoàng (28 tuổi) cùng trú ở TP Vĩnh Yên; Phạm Văn Thành (20 tuổi) và Tạ Văn Nhiên (19 tuổi) cùng trú tại huyện Yên Lạc (Vĩnh Phúc) về hành vi cướp tài sản",dantri.com.vn,An ninh 
Vụ chạy thận chết người: Cựu giám đốc bệnh viện bị truy tố từ 3-12 năm tù," Theo nội dung bản cáo trạng, bị can Trương Quý Dương – Giám đốc BVĐK tỉnh Hòa Bình, với vai trò là người đứng đầu bệnh viện đã không thực hiện đầy đủ nhiệm vụ được giao, buông lỏng trong công tác quản lý, chỉ đạo, điều hành, thiếu kiểm tra thường xuyên đối với cấp dưới, để cho cấp dưới có những vi phạm nghiêm trọng trong một thời gian dài.",dantri.com.vn,Y tế 
"Sau ly hôn vợ, tình nhân đòi chia tay nên ra tay sát hại","Người dân phường Mỹ Phước, thị xã Bến Cát, Bình Dương chưa hết bàng hoàng về vụ án mạng tại một phòng trọ ở địa phương vì nạn nhân hơn 40 tuổi chết trong tình trạng lõa thể, còn nghi phạm không ai khác là người tình của chị này.",dantri.com.vn,Đời sống 
"Đuổi theo kẻ ném chất bẩn, chủ nhà bị gãy chân","Ngày 9-12, CAH Lạng Giang, Bắc Giang cho biết, đơn vị đang điều tra vụ ném chất bẩn khiến một người bị thương. Thông tin ban đầu cho biết, đêm 7-12, trong khi đang ngủ, gia đình chị Phạm (48 tuổi, trú tại phố Vôi, thị trấn Vôi), nghe thấy tiếng ném vào cửa sắt nên đi ra xem.",dantri.com.vn,An ninh 
Đối tượng cuối cùng trong vụ trốn khỏi trại tạm giam Kiên Giang đã bị bắt,"Khoảng 4h sáng nay 8-12, biết mình không trốn khỏi sự vây bắt của lực lượng Công an nên Quân đã đến Công an phường An Khánh, Quận Ninh Kiều, TP Cần Thơ đầu thú sau 3 ngày trốn khỏi nơi giam giữ cùng 2 bị can khác.",dantri.com.vn,An ninh 
“Siêu máy bay” A350 sẽ chở CĐV Việt Nam đi Malaysia cổ vũ chung kết lượt đi," Theo Vietnam Airlines, trong 6 chuyến bay tăng cường đi Kuala Lumpur, có 3 chuyến khởi hành từ Hà Nội, 2 chuyến từ TPHCM và 1 chuyến từ Đà Nẵng.
 Đặc biệt, trong các chuyến bay tăng thêm, Vietnam Airlines bố trí máy bay A350-900 hiện đại, tiện nghi với số ghế nhiều hơn (305 chỗ), bên cạnh các máy bay A321 với tiêu chuẩn 4 sao quốc tế để phục vụ các cổ động viên.",dantri.com.vn,Thể thao 
Thưởng 20.000 USD cho đội tuyển cờ vua Việt Nam tại Olympiad 2018," Một lần nữa, Cờ vua Việt Nam lại khẳng định đẳng cấp trên đấu trường Quốc tế. Tại lễ vinh danh đội tuyển cờ Vua Việt Nam ngày 13/10 vừa qua, Nam A Bank thưởng 20.000USD để ghi nhận thành công của đội tuyển trong Giải Cờ vua Đồng đội Thế giới Olypiad 2018",dantri.com.vn,Thể thao 
Trường Sơn giành HCV tại giải cờ vua đồng đội thế giới 2018," Hạng 7 chung cuộc cũng là hạng cao nhất của cờ vua Việt Nam tại các kỳ Olympiad từ trước đến nay, ngang với thành tích năm 2012. Thành tích cụ thể của đội nam là 6 trận thắng, 4 trận hoà, chỉ thua 1 trận.",dantri.com.vn,Thể thao 
Chuyện về chàng sinh viên Luật - Kiện tướng Lê Tuấn Minh," Hôm nay, chúng tôi liên lạc vào số máy của Lê Tuấn Minh thì mẹ cậu bắt máy. Hỏi xin được nói chuyện với Lê Tuấn Minh thì bà Nguyễn Thị Ngoan (mẹ Tuấn Minh) dịu dàng nói: “Cho tôi đại diện trả lời Tuấn Minh nhé, hôm nay em phải đến trường học và để tập trung tốt nhất cho việc học nên em không mang theo điện thoại”.
 Kiện tướng – sinh viên Lê Tuấn Minh",dantri.com.vn,Thể thao 
Tiền đạo Malaysia: “Tôi đã có cách vượt qua hàng thủ đội tuyển Việt Nam”," Ở trận đấu vòng bảng AFF Cup 2018, Norshahrul Idlan Talaha đã không thể hiện được gì vì bị kéo xuống sâu. Dù vậy, anh vẫn là chân sút vô cùng đáng sợ của Malaysia. Từ đầu giải, tiền đạo 32 tuổi đã ghi 5 bàn thắng cho ĐTQG.",dantri.com.vn,Thể thao 
Bộ Công Thương yêu cầu doanh nghiệp đầu mối xả xăng dầu dự trữ,"Để ứng cứu cho những nơi thiếu cục bộ, Bộ trưởng Nguyễn Hồng Diên yêu cầu các đơn vị đầu mối vốn nhà nước xuất lượng xăng dầu dự trữ thương mại.",vnexpress.net,Kinh tế 
Chạy trốn mùi hoa sữa,"Đến Bắc California vào cuối tháng chín, trong tiết trời se se và khô lạnh của khu vực vùng vịnh San Francisco, tôi tràn đầy háo hức trước ngôi trường mới.",vnexpress.net,Đời sống 
Lạm phát Indonesia hạ nhiệt nhờ quả ớt,"Lạm phát của Indonesia trong tháng 10 tăng chậm lại nhờ giá thực phẩm, đặc biệt là ớt, đi xuống.",vnexpress.net,Kinh tế 
Nga nối lại thỏa thuận ngũ cốc Ukraine,"Nga xác nhận tiếp tục tham gia thỏa thuận ngũ cốc Ukraine sau khi Kiev ""đảm bảo đầy đủ"" phi quân sự hóa hàng lang vận chuyển trên biển.",vnexpress.net,Chính trị 
Manh mối triệt phá đường dây mua bán hàng chục trẻ sơ sinh,"Phát hiện người phụ nữ hay lang thang ở bệnh viện sản có dấu hiệu bất thường, các trinh sát theo dõi, lần ra đường dây buôn bán trẻ em quy mô lớn.",vnexpress.net,An ninh 
VKS đề nghị bác đơn kêu oan của ông Lê Tùng Vân,"VKS cho rằng, tòa cấp sơ thẩm đã xét xử ông Lê Tùng Vân và đồng phạm đúng pháp luật, đề nghị tòa phúc thẩm bác đơn kêu oan của các bị cáo.",vnexpress.net,An ninh 
Đà Nẵng lập quy hoạch đô thị sân bay,"UBND TP Đà Nẵng muốn chỉnh trang đô thị hiện hữu, làm đường hầm ngang qua sân bay để kết nối các khu dân cư phía tây bắc với khu trung tâm...",vnexpress.net,Giao thông 
Công ty cải tạo bị cáo buộc gây ra vụ sập cầu Ấn Độ,"Giới chức Ấn Độ cáo buộc công ty chuyên sản xuất đồng hồ Oreva, bên nhận cải tạo cầu treo Morbi, chịu trách nhiệm vụ sập cầu khiến 135 người chết.",vnexpress.net,An ninh 
Bụi mịn có mùi hôi bay vào nhà dân,"Hơn 1.000 nhà dân ở Khu kinh tế Dung Quất bị bụi màu trắng, có mùi hôi gây buồn nôn bay vào, chưa rõ nguồn gốc.",vnexpress.net,Đời sống 
Hủy nổ 5 quả bom,"Năm quả bom nặng tổng cộng hơn một tấn, cùng nhiều vật liệu nổ do Mỹ sản xuất được di chuyển gần 60 km đến thao trường Phổ Nhơn để hủy nổ.",vnexpress.net,Đời sống 
Sông chảy qua TP Bà Rịa nổi bọt trắng xóa,"Sông Dinh chảy qua TP Bà Rịa nổi bọt trắng xóa, cao tầm 20 cm, kéo dài vài km, bốc mùi hôi thối.",vnexpress.net,Đời sống 
Khan hiếm vé tàu Tết về miền Trung,"Sau một tuần mở bán vé Tết, nhiều đoàn tàu ở một số chặng đi miền Trung như Đà Nẵng, Quảng Ngãi, Huế... đã kín chỗ khiến nhiều người không thể đặt mua.",vnexpress.net,Thời sự 
"Cháy nhà, hai mẹ con tử vong","Lửa bùng lên tại căn nhà thuộc phường Châu Phú A, TP Châu Đốc, khiến hai mẹ con tử vong, sáng 2/11.",vnexpress.net,Thời sự 
Cầu lún gần nửa mét ở Quảng Nam,"Cầu Quyết Thắng bắc qua sông Vàng, nối xã Ba và Tư, huyện Đông Giang, bị sụt lún gần nửa mét trong đêm 1/11 khiến mặt cầu uốn lượn",vnexpress.net,Thời sự 
Bão Nalgae giảm cường độ,"Sớm 2/11, tâm bão Nalgae cách Hong Kong (Trung Quốc) khoảng 260 km về phía đông nam, giảm hai cấp so với sáng qua, còn 102 km/h, cấp 10.",vnexpress.net,Thời sự 
Di dời xóm nhà thuyền sau 40 năm tồn tại,62 hộ dân với hơn 150 nhân khẩu sống ở xóm nhà thuyền trên sông Tam Bạc sẽ nhận 10 triệu đồng mỗi hộ để di dời đi nơi khác.,vnexpress.net,Đời sống
Nước ngập đỏ ngầu ở khu dân cư Sài Gòn,"Sau cơn mưa, một số tuyến đường tại quận Tân Phú bị bủa vây bởi dòng nước màu đỏ, nồng nặc mùi hoá chất, ảnh hưởng hàng trăm hộ dân.",vnexpress.net,Thời sự 
"Thuần rươi, trồng lúa trên ruộng hoang","Là người đầu tiên ở TP Hà Tĩnh quây ruộng hoang để bắt rươi kết hợp trồng lúa Nàng Xuân, ông Nguyễn Văn Hiển bị nhiều người nói ""đầu óc có vấn đề"".",vnexpress.net,Kinh tế 
Không thể xây nhà vì phải chờ kế hoạch sử dụng đất hàng năm,"Mất 3 năm, anh Nguyễn Công Khang chưa thể chuyển mục đích sử dụng cho 56 m2 đất để xây nhà vì phải chờ phê duyệt kế hoạch sử dụng đất hàng năm của huyện.",vnexpress.net,Đời sống 
Bất an vì sạt lở bờ sông,"Mỗi đêm sông Quảng Huế ngoạm 20 m đất, tiếng đất lở ầm ầm khiến người dân xã Đại An, huyện Đại Lộc, mất ăn mất ngủ.",vnexpress.net,Đời sống 
Dọn bùn sau lũ,"Lũ rút, bộ đội, công an cùng người dân Thừa Thiên Huế xuống đường dọn bùn non, rửa sạch đường sá, vật dụng.",vnexpress.net,Đời sống 
Nuôi cá tầm ở núi rừng Khe San,"Đầu tư hàng trăm triệu đồng đưa cá tầm Sapa về núi rừng Khe San, huyện Tiên Yên nuôi dưỡng, ông Trần Văn Mạ thu về cả tỷ đồng sau hơn một năm.",vnexpress.net,Đời sống 
Nông dân vùng cao đổi đời nhờ mô hình nuôi trồng kết hợp,"Không ít nông dân tại địa phương tăng thu nhập, ổn định cuộc sống nhờ mạnh dạn thay đổi cây trồng, vật nuôi có giá trị kinh tế cao.",vnexpress.net,Đời sống 
Sửa xe miễn phí sau mưa lũ ở Đà Nẵng,"Một nhóm thợ quê Quảng Nam và sinh viên Đại học Đông Á đến các chân cầu, nhà trọ, sửa xe máy miễn phí cho người dân Đà Nẵng sau mưa lũ.",vnexpress.net,Đời sống 
10 người chết do mưa lũ ở miền Trung,"10 người chết trong mưa lũ miền Trung, trong đó Đà Nẵng 6 người, hai trẻ ở Quảng Nam và hai người đàn ông ở Thừa Thiên Huế.",vnexpress.net,Đời sống 
Kênh thủy lợi bị trồi lên nửa mét,"Sau tiếng động lớn, khoảng 200 m kênh Thạch Nham ở xã Tịnh Trà, huyện Sơn Tịnh bị trồi lên nửa mét trong mưa lớn khiến nhiều người dân lo sợ.",vnexpress.net,Đời sống 
Cảnh sát vượt lũ đưa sản phụ đi đẻ,"Thấy ôtô chở chị Nguyễn Thị Ngọc đang trở dạ không thể đi qua đường ngập, cảnh sát giao thông lái xe chuyên dụng đưa sản phụ đi đẻ.",vnexpress.net,Đời sống 